month,categories,title,link,event_date,description
3,WORKSHOPS & CLASSES,The Creative Economy,https://downtownpittsburgh.com/events/event/?id=62412,"Mar 31, 2025 | 7:00 pm - 9:00 pm","with Valerie Gay, Director of Creative Philadelphia & Chief Cultural Officer, City of Philadelphia. Valarie Gay, newly appointed Chief Cultural officer for the City of Philadelphia is putting the cities money where its mouth is. The voice of the people."
3,"ARTS + CULTURE,, COMMUNITY,, ENTERTAINMENT",The Importance of Being Earnest,https://downtownpittsburgh.com/events/event/?id=62434,"Mar 30, 2025 | 1:00 pm - 4:00 pm","ARTS + CULTURE, COMMUNITY, ENTERTAINMENT


A Trivial Comedy for Serious People!"
3,"ENTERTAINMENT,, SPORTS + RECREATION",Penguins vs. Senators,https://downtownpittsburgh.com/events/event/?id=62445,"Mar 30, 2025 | 5:00 pm - 8:00 pm","ENTERTAINMENT, SPORTS + RECREATION


Cheer on the Pittsburgh Penguins as they take on the Ottawa Senators!"
3,"ARTS + CULTURE,, ENTERTAINMENT",Beta Stage,https://downtownpittsburgh.com/events/event/?id=62318,"Mar 29, 2025 | 6:00 pm - 7:00 pm","ARTS + CULTURE, ENTERTAINMENT


Join The Butch and The Bi for an evening of stand up from Tyler Ray Kendrick and Zach Funk, improv and sketch featuring some of Pittsburgh’s funniest performers, music from Brian Adams, and more! Featuring stand up comedy from Tyler Ray Kendrick and Zach Funk, music from Winchester Ghost’s Brian Adams, and some of Pittsburgh’s funniest improvisors!"
3,"ARTS + CULTURE,, ENTERTAINMENT,, NIGHTLIFE",Well Known Strangers,https://downtownpittsburgh.com/events/event/?id=62319,"Mar 29, 2025 | 8:00 pm - 9:00 pm","ARTS + CULTURE, ENTERTAINMENT, NIGHTLIFE


Experienced improvisers  get a suggestion from the audience to inspire laugh-out-loud stories and characters. Don’t miss this night of clever and absurd scenes by this fun-loving team of goofs."
3,"ARTS + CULTURE,, ENTERTAINMENT,, NIGHTLIFE",Knights of the Arcade: Epic D&D Adventure,https://downtownpittsburgh.com/events/event/?id=62320,"Mar 29, 2025 | 9:00 pm - 10:00 pm","ARTS + CULTURE, ENTERTAINMENT, NIGHTLIFE


Join Knights of the Arcade for another hilarious D&D comedy adventure! One of Pittsburgh’s longest running and best-selling comedy shows! A recurring cast of characters are joined by special guests and led by their maniacal dungeon master. Where they’re going, who they fight, and if they ultimately succeed is decided upon live dice that are rolled and projected on the theater wall."
3,"CONVENTION,, SPORTS + RECREATION",2025 Star Dance Alliance,https://downtownpittsburgh.com/events/event/?id=62366,"Mar 29, 2025 - Mar 30, 2025","CONVENTION, SPORTS + RECREATION


Dancers will showcase their best moves at the Revolution Talent Competition in Pittsburgh."
3,"ARTS + CULTURE,, ENTERTAINMENT",Storm Large: Inside Voice,https://downtownpittsburgh.com/events/event/?id=62411,"Mar 29, 2025 | 7:00 pm - 10:00 pm","ARTS + CULTURE, ENTERTAINMENT


International icon and multi-hyphenate musician, actor, playwright and performer, Storm Large has affixed herself as the queen of twisted beauty & subversive delights to a cult-like following of millions across the page, stage & screen."
3,"ENTERTAINMENT,, SPORTS + RECREATION",Pittsburgh Riverhounds vs Birmingham Legion,https://downtownpittsburgh.com/events/event/?id=62447,"Mar 29, 2025 | 7:00 pm - 10:00 pm","ENTERTAINMENT, SPORTS + RECREATION


Join us at Highmark Stadium on Saturday, March 29, as we celebrate Pittsburgh Night and cheer on the Riverhounds when they take on Birmingham Legion under the lights!"
3,"ARTS + CULTURE,, ENTERTAINMENT,, MUSIC",Zoso - The Ultimate Led Zeppelin Experience,https://downtownpittsburgh.com/events/event/?id=62452,"Mar 29, 2025 | 7:00 pm - 11:00 pm","ARTS + CULTURE, ENTERTAINMENT, MUSIC


The most accurate and captivating Led Zeppelin live show since the real thing."
3,"ARTS + CULTURE,, ENTERTAINMENT",House Team Hot Spot,https://downtownpittsburgh.com/events/event/?id=62316,"Mar 28, 2025 | 7:00 pm - 8:00 pm","ARTS + CULTURE, ENTERTAINMENT


Ignite your Friday nights at 7 pm with Arcade Comedy Theater’s ! Our talented house teams will light up the stage with spontaneous hilarity, quick-witted banter, and scenes that are sure to leave you in stitches."
3,"ARTS + CULTURE,, ENTERTAINMENT,, NIGHTLIFE",Select Start Improv Show,https://downtownpittsburgh.com/events/event/?id=62317,"Mar 28, 2025 | 9:00 pm - 10:00 pm","ARTS + CULTURE, ENTERTAINMENT, NIGHTLIFE


Get ready for another unforgettable night at City Paper’s Best Theater in PGH of 2024, Arcade Comedy Theater —where comedy titans, Select Start (City Paper’s 2 time Best Comedy Act) and Latchkey Kids (Pittsburgh Magazine’s 3 time Best Improv Team), will join forces with Chi Chi de Vivre (City Paper’s Best Drag Performer 2024) to celebrate all of their 2024 victories!"
3,"ARTS + CULTURE,, ENTERTAINMENT,, NIGHTLIFE",Danae Hays: The First Time Tour,https://downtownpittsburgh.com/events/event/?id=62340,"Mar 28, 2025 | 8:00 pm - 11:00 pm","ARTS + CULTURE, ENTERTAINMENT, NIGHTLIFE


Alabama-bred and Nashville-based, comedian, actress, and content creator, Danae Hays represents a fresh, new female voice in the comedy, acting, and music worlds."
3,"ARTS + CULTURE,, ENTERTAINMENT,, NIGHTLIFE",Danae Hays VIP Package,https://downtownpittsburgh.com/events/event/?id=62341,"Mar 28, 2025 | 8:00 pm - 11:00 pm","ARTS + CULTURE, ENTERTAINMENT, NIGHTLIFE


Gain exclusive access to the post-show Q&A with Danae Hays. EACH ATTENDEE must hold a valid show ticket, in any price category to Danae Hays: The First Time Tour AND pre-purchase a VIP Package ticket to attend."
3,COMMUNITY,Library Lounge: Coffee Hour,https://downtownpittsburgh.com/events/event/?id=62352,"Mar 28, 2025 | 10:00 am - 11:00 am",Join us for a fun and engaging social program!
3,"COMMUNITY,, WORKSHOPS & CLASSES",Let’s Speak English!,https://downtownpittsburgh.com/events/event/?id=62353,"Mar 28, 2025","COMMUNITY, WORKSHOPS & CLASSES


Join us to practice your English-speaking skills! You can freely practice with friendly neighbors in this relaxed social group."
3,"ARTS + CULTURE,, COMMUNITY",IIDA Pittsburgh Fashion Meets Finish,https://downtownpittsburgh.com/events/event/?id=62367,"Mar 28, 2025 | 6:00 pm - 10:00 pm","ARTS + CULTURE, COMMUNITY


Get ready to witness the perfect fusion of fashion and finishes at the  event!"
3,"ARTS + CULTURE,, ENTERTAINMENT,, MUSIC",Beethoven’s Pastoral,https://downtownpittsburgh.com/events/event/?id=62388,"Mar 28, 2025 - Mar 30, 2025","ARTS + CULTURE, ENTERTAINMENT, MUSIC


The PSO’s season features works inspired by the natural world: Beethoven’s “Pastoral” you can hear bucolic bird calls, the rolling of thunder, and the calling of a shepherd’s pipes from distant hills. Habibi’s new work was written as a meditation on climate change. Eisendle’s Heliosis, from the Greek word for the sun, is in turn blistering, scorching, and shimmering."
3,"ENTERTAINMENT,, MUSIC,, NIGHTLIFE","Tyler, The Creator",https://downtownpittsburgh.com/events/event/?id=62444,"Mar 28, 2025 | 7:30 pm - 10:30 pm","ENTERTAINMENT, MUSIC, NIGHTLIFE


Watch  perform live at PPG Paints Arena on the CHROMAKOPIA: THE WORLD TOUR!"
3,CONVENTION,Traffic Club of Pittsburgh 2025,https://downtownpittsburgh.com/events/event/?id=62365,"Mar 27, 2025","The Traffic Club of Pittsburgh organizes a wide array of recreational, educational and social events throughout the year to keep the transportation community updated and reward individuals that excel in their fields."
3,"ARTS + CULTURE,, ENTERTAINMENT,, MUSIC",The Yellowjackets,https://downtownpittsburgh.com/events/event/?id=62410,"Mar 27, 2025","ARTS + CULTURE, ENTERTAINMENT, MUSIC


Throughout their storied 43-year history, the Yellowjackets have recorded 26 albums, received 16 Grammy® nominations – won 2 – performed countless sold-out tours, and enjoyed worldwide critical acclaim and commercial success."
3,"ARTS + CULTURE,, ENTERTAINMENT",Prismatic Impressions,https://downtownpittsburgh.com/events/event/?id=62455,"Mar 27, 2025 | 7:00 pm - 10:00 pm","ARTS + CULTURE, ENTERTAINMENT


Ballet Legato presents “”, a colorful array of repertoire bringing the audience an eclectic prism of dance!"
3,CONVENTION,2025 GFS Show,https://downtownpittsburgh.com/events/event/?id=62364,"Mar 26, 2025 | 7:00 pm - 10:00 pm","The Gordon Food Service Show will feature a wide array of products, foods, and technology solutions. At the show, attendees will have the chance to sample tasty menus, learn to cook and prepare delicious plates, and gain valuable knowledge in how to handle new technology. Attendees will also take away a plethora of tips and tricks meant to bring a whole new level of efficiency to your business and productivity in the kitchen."
3,"COMMUNITY,, WORKSHOPS & CLASSES",Speakers Series: Chris Wallace,https://downtownpittsburgh.com/events/event/?id=62387,"Mar 26, 2025 | 8:00 pm - 10:00 pm","COMMUNITY, WORKSHOPS & CLASSES


Award-winning television anchor and commentator, Wallace’s career on ABC,?NBC,?Fox News, and?CNN spans five decades. He anchored Fox News Sunday for 18 years, and has interviewed everyone from Vladimir Putin to George Clooney to Bill Gates. He is currently host of The Chris Wallace Show."
3,COMMUNITY,An Evening with Rob Zellers,https://downtownpittsburgh.com/events/event/?id=62409,"Mar 26, 2025 | 7:00 pm - 9:00 pm","Join us for an intimate reading and conversation with esteemed playwright Rob Zellers (The Chief, Billy Strayhorn: Something to Live For, Harry’s Friendly Service) as he explores how inspiration and loss intertwine in his newest play that maps the parallel paths of his evolution as an artist and his daughter Alexa’s battle with illness."
3,"ARTS + CULTURE,, ENTERTAINMENT,, MUSIC",12 Ophelias (a play with broken songs),https://downtownpittsburgh.com/events/event/?id=62433,"Mar 26, 2025 - Mar 30, 2025","ARTS + CULTURE, ENTERTAINMENT, MUSIC


Shakespeare’s Ophelia rises up out of the water dreaming of Pop-Tarts and other sweet things. She finds herself in a neo-Elizabethan Appalachian setting where Gertrude runs a brothel, Hamlet is called a Rude Boy, and nothing is what it seems. In this mirrored world of word-scraps, Ophelia cuts a new path for herself."
3,"ENTERTAINMENT,, MUSIC",An Evening with Gregory Alan Isakov,https://downtownpittsburgh.com/events/event/?id=62451,"Mar 26, 2025 | 7:00 pm - 11:00 pm","ENTERTAINMENT, MUSIC


$1 from the sale of each ticket purchased will be donated to Greater Pittsburgh Community Food Bank, who are leveraging the power of community to achieve lasting solutions to hunger and its root causes. Every $1 donated results in providing 3 meals to the those in need."
3,"ENTERTAINMENT,, MUSIC,, NIGHTLIFE",Sound Series: Flore Laurentienne with special guest GLO-TREE,https://downtownpittsburgh.com/events/event/?id=62295,"Mar 25, 2025 | 8:00 pm - 10:30 pm","ENTERTAINMENT, MUSIC, NIGHTLIFE


We welcome Flore Laurentienne, the lush orchestral soundscape project of Mathieu David Gagnon – the Canadian composer, producer, and multi-instrumentalist whose expansive string orchestrations and experimentation with early analogue synths reflect the natural environment of his native Québec."
3,"ARTS + CULTURE,, ENTERTAINMENT",Lucky Draw,https://downtownpittsburgh.com/events/event/?id=62315,"Mar 23, 2025 | 7:30 pm - 8:30 pm","ARTS + CULTURE, ENTERTAINMENT


Join us on the fourth Sunday of each month for ! This is an interactive improv comedy show where half of the cast is drawn on the spot at random. Arcade’s Academy students, team members, or any other improvisers can put their names into the box and be picked to come on stage to play."
3,"ARTS + CULTURE,, ENTERTAINMENT,, NIGHTLIFE",Desi Banks: The Elevation Tour,https://downtownpittsburgh.com/events/event/?id=62339,"Mar 23, 2025 | 7:00 pm - 10:00 pm","ARTS + CULTURE, ENTERTAINMENT, NIGHTLIFE


Desi Banks is the ultimate triple threat – actor, stand-up comedian, podcaster, and entrepreneur who's taking the entertainment world by storm."
3,"ARTS + CULTURE,, ENTERTAINMENT,, MUSIC",Kanneh-Mason Performs Shostakovich,https://downtownpittsburgh.com/events/event/?id=62386,"Mar 23, 2025 | 2:30 pm - 5:30 pm","ARTS + CULTURE, ENTERTAINMENT, MUSIC


One of the most gifted young artists onstage today, Sheku Kanneh-Mason catapulted to international fame with his performance at the wedding of Prince Harry and Meghan Markle. He makes his Pittsburgh Symphony debut with Shostakovich’s First Cello Concerto. Nina Shekhar’s new work “explodes like an orchestral supernova” (LA Times). The program is rounded out with two wonderfully passionate works by Strauss."
3,"ARTS + CULTURE,, ENTERTAINMENT",Under the Radar,https://downtownpittsburgh.com/events/event/?id=62314,"Mar 22, 2025 | 7:00 pm - 8:00 pm","ARTS + CULTURE, ENTERTAINMENT


Once a month, local independent improv teams come together and take over Arcade’s stage for a once in a lifetime lineup!"
3,"ARTS + CULTURE,, ENTERTAINMENT",Madama Butterfly,https://downtownpittsburgh.com/events/event/?id=62328,"Mar 22, 2025 - Mar 30, 2025","ARTS + CULTURE, ENTERTAINMENT


His escape is her cage. In this groundbreaking new production created by an all-Japanese and Japanese American creative team, ’s story is transported to a fantastical realm where reality and dreams intersect."
3,"CONVENTION,, SPORTS + RECREATION",Champion Cheer Central 2025,https://downtownpittsburgh.com/events/event/?id=62363,"Mar 22, 2025","CONVENTION, SPORTS + RECREATION


Teams will compete at the Oh! How Sweet it is! Cheer and Dance Spectacular!"
3,TOURS,Captain's Dinner Cruise & Tour,https://downtownpittsburgh.com/events/event/?id=62370,"Mar 22, 2025 | 6:30 pm - 9:00 pm","Looking for a fun and unique evening out in Pittsburgh? Come aboard our Captain’s Dinner Cruise & Tour for a fabulous dinner, music and dancing and fabulous views of the city skyline! Bring a date, a group of friends, or the whole family and just have fun out on the water in Pittsburgh!"
3,COMMUNITY,Penguin-Palooza,https://downtownpittsburgh.com/events/event/?id=62395,"Mar 22, 2025 - Mar 23, 2025 | 10:30 am - 4:00 pm","Waddle on over to the National Aviary and celebrate everyone’s favorite flightless feathered friends: penguins! Meet the colony of African Penguins in Penguin Point, watch a fun feeding and chat with National Aviary experts, find out what makes penguins so unique, make your own penguin craft, and more. Learn how you can help penguins and other marine life every day."
3,"ENTERTAINMENT,, MUSIC,, NIGHTLIFE","""The Neon Queen""-Live ABBA cover band at the Mamma Mia Bar-Pittsburgh",https://downtownpittsburgh.com/events/event/?id=62428,"Mar 22, 2025 | 7:30 pm - 10:00 pm","ENTERTAINMENT, MUSIC, NIGHTLIFE


The Mamma Mia Bar-Pittsburgh is back! And so is one of our favorite Abba cover bands-'The Neon Queen""!"
3,"ENTERTAINMENT,, NIGHTLIFE",Matt Rife,https://downtownpittsburgh.com/events/event/?id=62443,"Mar 22, 2025 | 8:00 pm - 11:00 pm","ENTERTAINMENT, NIGHTLIFE


Watch  perform live at PPG Paints Arena on his Stay Golden Tour!"
3,"ENTERTAINMENT,, SPORTS + RECREATION",Pittsburgh Riverhounds vs Hartford Athletic,https://downtownpittsburgh.com/events/event/?id=62446,"Mar 22, 2025 | 7:00 pm - 10:00 pm","ENTERTAINMENT, SPORTS + RECREATION


The wait is over—Riverhounds soccer is back! Join us at Highmark Stadium on Saturday, March 22, as Pittsburgh Riverhounds SC takes on Hartford Athletic in an electrifying home opener!"
3,"ENTERTAINMENT,, MUSIC,, NIGHTLIFE",Crankdat,https://downtownpittsburgh.com/events/event/?id=62450,"Mar 22, 2025 | 7:00 pm - 11:00 pm","ENTERTAINMENT, MUSIC, NIGHTLIFE


With special guests YDG and CELO!"
3,"ARTS + CULTURE,, ENTERTAINMENT",Brandee Younger Trio,https://downtownpittsburgh.com/events/event/?id=62454,"Mar 22, 2025 | 7:30 pm - 10:30 pm","ARTS + CULTURE, ENTERTAINMENT


Ever-expanding as an artist, Brandee has worked with cultural icons including Common, Lauryn Hill, and John Legend. Brandee Younger made history by becoming the first Black woman to be nominated for a Grammy Award for Best Instrumental Composition. She has curated a number of performances dedicated to honoring the work of Dorothy Ashby and Alice Coltrane."
3,"ARTS + CULTURE,, COMMUNITY",Charcuterie Workshop at PAIR,https://downtownpittsburgh.com/events/event/?id=62491,"Mar 22, 2025 | 6:30 pm - 9:00 pm","ARTS + CULTURE, COMMUNITY


Gather your girls, bring your man, and don’t forget a bottle! Join us for a hands-on Charcuterie Workshop, where you'll craft a beautiful and delicious spread while enjoying light bites and great company."
3,"ARTS + CULTURE,, ENTERTAINMENT",House Team Hot Spot,https://downtownpittsburgh.com/events/event/?id=62313,"Mar 21, 2025 | 7:00 pm - 8:00 pm","ARTS + CULTURE, ENTERTAINMENT


Ignite your Friday nights at 7 pm with Arcade Comedy Theater’s ! Our talented house teams will light up the stage with spontaneous hilarity, quick-witted banter, and scenes that are sure to leave you in stitches. Come see why these performers are the heartbeat of Pittsburgh’s comedy scene as they turn your wild suggestions into unforgettable moments of pure comedic gold. Don’t miss out on the laughs—grab your tickets now and fill your Friday with fiery fun!"
3,"ARTS + CULTURE,, ENTERTAINMENT,, NIGHTLIFE",Jeremy Piven Live,https://downtownpittsburgh.com/events/event/?id=62336,"Mar 21, 2025 | 7:30 pm - 10:30 pm","ARTS + CULTURE, ENTERTAINMENT, NIGHTLIFE


Piven now tours the country with his successful stand-up comedy show, flexing a comedic muscle that few actors have been able to transition over to. The tour will see him across the entire continental U.S. and also take him internationally to the U.K. and beyond."
3,"ARTS + CULTURE,, ENTERTAINMENT,, NIGHTLIFE",Jeremy Piven VIP Meet & Greet,https://downtownpittsburgh.com/events/event/?id=62338,"Mar 21, 2025 | 7:30 pm - 10:30 pm","ARTS + CULTURE, ENTERTAINMENT, NIGHTLIFE


JEREMY PIVEN LIVE VIP Meet & Greet Add-On: Includes a POST-SHOW Meet & Greet and photo with Jeremy Piven."
3,"COMMUNITY,, WORKSHOPS & CLASSES",Let’s Speak English!,https://downtownpittsburgh.com/events/event/?id=62351,"Mar 21, 2025 | 12:00 pm - 1:00 pm","COMMUNITY, WORKSHOPS & CLASSES


Join us to practice your English-speaking skills! You can freely practice with friendly neighbors in this relaxed social group."
3,CONVENTION,2025-For Inspiration and Recognition of Science and Technology (FIRST),https://downtownpittsburgh.com/events/event/?id=62362,"Mar 21, 2025 - Mar 22, 2025","At the Western & Central Pennsylvania FIRST Robotic Competition, 48 teams will showcase their best inventions and compete for the title. Check our website to learn more!"
3,"ARTS + CULTURE,, ENTERTAINMENT,, MUSIC",Kanneh-Mason Performs Shostakovich,https://downtownpittsburgh.com/events/event/?id=62385,"Mar 21, 2025 | 7:30 pm - 10:30 pm","ARTS + CULTURE, ENTERTAINMENT, MUSIC


One of the most gifted young artists onstage today, Sheku Kanneh-Mason catapulted to international fame with his performance at the wedding of Prince Harry and Meghan Markle. He makes his Pittsburgh Symphony debut with Shostakovich’s First Cello Concerto. Nina Shekhar’s new work “explodes like an orchestral supernova” (LA Times). The program is rounded out with two wonderfully passionate works by Strauss."
3,"ENTERTAINMENT,, MUSIC,, NIGHTLIFE","""The Neon Queen""-Live ABBA cover band at the Mamma Mia Bar-Pittsburgh",https://downtownpittsburgh.com/events/event/?id=62427,"Mar 21, 2025 | 7:30 pm - 10:00 pm","ENTERTAINMENT, MUSIC, NIGHTLIFE


The Mamma Mia Bar-Pittsburgh is back! And so is one of our favorite Abba cover bands-'The Neon Queen""!"
3,"ENTERTAINMENT,, SPORTS + RECREATION",Penguins vs. Blue Jackets,https://downtownpittsburgh.com/events/event/?id=62442,"Mar 21, 2025 | 7:00 pm - 10:00 pm","ENTERTAINMENT, SPORTS + RECREATION


Cheer on the Pittsburgh Penguins as they take on the Columbus Blue Jackets!"
3,"ARTS + CULTURE,, ENTERTAINMENT",The Thaw: Weekend 3,https://downtownpittsburgh.com/events/event/?id=62515,"Mar 21, 2025 - Mar 23, 2025","ARTS + CULTURE, ENTERTAINMENT


The grand finale of The Thaw brings a fiery celebration of music and a ceremonial snowman burning to welcome the first days of spring. This high-energy weekend features live music, fire pits, and stunning fire performances."
3,"COMMUNITY,, WORKSHOPS & CLASSES",The Network Factory IX: Neighbor to Neighbor,https://downtownpittsburgh.com/events/event/?id=62294,"Mar 20, 2025 | 5:30 pm - 7:30 pm","COMMUNITY, WORKSHOPS & CLASSES


Join The Warhol Academy as some of Pittsburgh’s brightest minds in business, art, and community development come together for a dynamic discussion on shaping our city’s future."
3,"ARTS + CULTURE,, ENTERTAINMENT,, MUSIC",Shamrock Tenors,https://downtownpittsburgh.com/events/event/?id=62332,"Mar 20, 2025 | 7:30 pm - 10:00 pm","ARTS + CULTURE, ENTERTAINMENT, MUSIC


With a mix of cheeky Irish charm, stellar vocals from some of the country's most renowned stars, and electrifying multi-instrumental performances, audiences of all ages are invited to experience the Emerald Isle like never before."
3,CONVENTION,International Seating Symposium,https://downtownpittsburgh.com/events/event/?id=62361,"Mar 20, 2025 - Mar 22, 2025","The  2025 is a premier event geared toward researchers, clinicians, manufacturers, and other professionals involved in improving mobility and seating for people with disabilities."
3,"COMMUNITY,, WORKSHOPS & CLASSES",Backstage/Onstage with Joe Grushecky,https://downtownpittsburgh.com/events/event/?id=62432,"Mar 20, 2025 | 5:00 pm - 7:00 pm","COMMUNITY, WORKSHOPS & CLASSES


Join us for an inspiring conversation with Joe Grushecky, acclaimed Pittsburgh musician and educator, as he shares his journey of keeping his passion for music alive."
3,"COMMUNITY,, WORKSHOPS & CLASSES",Smithfield Critics Book Discussion Group,https://downtownpittsburgh.com/events/event/?id=62350,"Mar 19, 2025 | 12:00 pm - 1:00 pm","COMMUNITY, WORKSHOPS & CLASSES


Join us for a lively discussion on “The Bookshop: A History of the American Bookstore by Evan Friss.”"
3,"ARTS + CULTURE,, ENTERTAINMENT,, MUSIC",Lang Lang with the PSO,https://downtownpittsburgh.com/events/event/?id=62384,"Mar 19, 2025 | 7:30 pm - 10:30 pm","ARTS + CULTURE, ENTERTAINMENT, MUSIC


Superstar Lang Lang, named “the hottest artist on the classical music planet,” by The New York Times, returns to Heinz Hall to perform the Grieg Piano Concerto in this one-night-only evening of piano pyrotechnics. Additional program details to be announced."
3,"ARTS + CULTURE,, ENTERTAINMENT",Spotlight on the ‘Burgh: Whose Trick is it Anyway?,https://downtownpittsburgh.com/events/event/?id=62393,"Mar 19, 2025 - Mar 29, 2025","ARTS + CULTURE, ENTERTAINMENT


Back by popular demand: the best of the ‘Burgh! An improvisational magic show like none other! That’s right, it’s Spotlight on the Burgh’s original feature, Whose Trick is it Anyway? Where everything is made up and the points don't matter. That's right, the points are like volume of Teller’s microphone."
3,"ARTS + CULTURE,, ENTERTAINMENT",Who's Afraid of Virginia Woolf?,https://downtownpittsburgh.com/events/event/?id=62408,"Mar 19, 2025 - Apr 6, 2025","ARTS + CULTURE, ENTERTAINMENT


It’s all fun and games until the one and only Edward Albee picks up his pen. His 1962 masterpiece WHO’S AFRAID OF VIRGINIA WOOLF? is a caustic cocktail of razor-sharp dialogue and electrifying performances that has kept audiences coming back for another round for decades."
3,"ARTS + CULTURE,, ENTERTAINMENT,, FILM & MOVIES",Library Lounge: Movie Matinee,https://downtownpittsburgh.com/events/event/?id=62349,"Mar 18, 2025 | 12:00 pm - 2:30 pm","ARTS + CULTURE, ENTERTAINMENT, FILM & MOVIES


Join us for a movie screening of “The Eyes of Tammy Faye.”"
3,"ARTS + CULTURE,, ENTERTAINMENT,, MUSIC",Jason Kush,https://downtownpittsburgh.com/events/event/?id=62407,"Mar 18, 2025 | 5:00 pm - 7:00 pm","ARTS + CULTURE, ENTERTAINMENT, MUSIC


A genre-crossing performer, Kush is a member of the Pittsburgh Jazz Orchestra and has performed thirteen seasons with the Pittsburgh Symphony Orchestra, including a European tour."
3,"ENTERTAINMENT,, SPORTS + RECREATION",Penguins vs. Islanders,https://downtownpittsburgh.com/events/event/?id=62441,"Mar 18, 2025 | 7:00 pm - 10:00 pm","ENTERTAINMENT, SPORTS + RECREATION


Cheer on the Pittsburgh Penguins as they take on the New York Islanders!"
3,"FREE EVENT,, TOURS",Visit The Old Allegheny County Jail and Museum,https://downtownpittsburgh.com/events/event/?id=62431,"Mar 17, 2025 | 11:30 am - 1:00 pm","FREE EVENT, TOURS


Take a free trip!"
3,"ARTS + CULTURE,, ENTERTAINMENT",Short Form Jelly with Select Start,https://downtownpittsburgh.com/events/event/?id=62312,"Mar 16, 2025 | 7:30 pm - 8:30 pm","ARTS + CULTURE, ENTERTAINMENT


Join comedy troupe Select Start as they host a short form improv jam open to all performers! Join them on stage for a night of improv games. Performers can sign up at the box office when they arrive. Audience members can sit back, laugh, and inspire the comedy with all kinds of fun suggestions."
3,"ARTS + CULTURE,, ENTERTAINMENT",Alton Brown Live: Last Bite,https://downtownpittsburgh.com/events/event/?id=62327,"Mar 16, 2025 | 7:30 pm - 8:30 pm","ARTS + CULTURE, ENTERTAINMENT


, the famed foodist reflects on his decades in food media, presents several of his favorite culinary mega-hacks, sings some of his funny food songs, and in general offers a culinary variety show the likes of which human eyes have never seen."
3,COMMUNITY,National History Day Pittsburgh,https://downtownpittsburgh.com/events/event/?id=62392,"Mar 16, 2025 | 7:30 am - 2:30 pm",Join the History Center for the region’s National History Day competition.
3,"ARTS + CULTURE,, ENTERTAINMENT",Dinner with The Nolens,https://downtownpittsburgh.com/events/event/?id=62310,"Mar 15, 2025 | 8:00 pm - 9:00 pm","ARTS + CULTURE, ENTERTAINMENT


Comedy is what’s on the menu!"
3,"ARTS + CULTURE,, COMMUNITY,, ENTERTAINMENT",Unique: An Improv Show About Disabilities and Mental Health,https://downtownpittsburgh.com/events/event/?id=62311,"Mar 15, 2025 | 9:00 pm - 10:00 pm","ARTS + CULTURE, COMMUNITY, ENTERTAINMENT


Join us for a hilarious night of anecdotes and improv provided by storytellers and performers who have two things in common: each is UNIQUE, and they all have disabilities!"
3,COMMUNITY,Black in Bloom: Spring Community Day,https://downtownpittsburgh.com/events/event/?id=62321,"Mar 15, 2025 | 12:00 pm - 3:00 pm","Bring your friends and family to explore our Spring Vendor Market, enjoy live DJ sets, experience performances from local artists, and discover a wealth of resources and activities for all ages. Step into Spring with us, celebrating the strength and resilience that surrounds us!"
3,"COMMUNITY,, TOURS",Guided Tour with Urban Academy – August Wilson: The Writer’s Landscape,https://downtownpittsburgh.com/events/event/?id=62322,"Mar 15, 2025 | 1:00 pm - 2:00 pm","COMMUNITY, TOURS


Experience the Enduring Legacy of August Wilson with Special Guided Tours Lead by Urban Academy K-5 Students."
3,"ARTS + CULTURE,, ENTERTAINMENT,, FILM & MOVIES",Library Lounge: Throwback Cinema,https://downtownpittsburgh.com/events/event/?id=62348,"Mar 15, 2025 | 12:00 pm - 2:00 pm","ARTS + CULTURE, ENTERTAINMENT, FILM & MOVIES


Join us for a movie screening of “Kramer vs. Kramer.” All movies selected will be at least 20 years old."
3,"FESTIVAL,, HOLIDAYS",Pittsburgh St. Patrick's Day Parade,https://downtownpittsburgh.com/events/event/?id=62354,"Mar 15, 2025 | 10:00 am - 2:00 pm","FESTIVAL, HOLIDAYS


What began more than 150 years ago as a way to honor the patron saint of Ireland has evolved into a city-wide celebration of the pride that comes from being Irish. We welcome you to join us, first for mass at Old St. Patrick’s in the Strip, and then along the parade route. Wear your green (or black and gold), and help us celebrate!"
3,"HOLIDAYS,, SPORTS + RECREATION",Pittsburgh Parade Day Dash,https://downtownpittsburgh.com/events/event/?id=62355,"Mar 15, 2025","HOLIDAYS, SPORTS + RECREATION


Lace up your sneakers, put on your green, and get ready to MOVE! P3R is excited to unveil the inaugural  Presented by GNC, a vibrant and family-friendly celebration happening on March 15, just before the start of Pittsburgh’s iconic America’s Grand St. Patrick’s Day Event!"
3,"COMMUNITY,, HOLIDAYS",Kegs N' Eggs at City Works Pittsburgh,https://downtownpittsburgh.com/events/event/?id=62368,"Mar 15, 2025 | 8:00 am - 11:00 am","COMMUNITY, HOLIDAYS


Join us bright and early on March 15 for the best St. Patrick's Day shenanigans in Pittsburgh. That’s right, Kegs N' Eggs is back and better than ever. It’s the ultimate pre-parade party that'll have you sham-rocking in the wee morning hours."
3,"ARTS + CULTURE,, ENTERTAINMENT,, MUSIC",Lift Every Voice,https://downtownpittsburgh.com/events/event/?id=62383,"Mar 15, 2025 | 7:30 pm - 10:30 pm","ARTS + CULTURE, ENTERTAINMENT, MUSIC


Join Ray Angry, keyboardist of The Roots,  Unity Choir led by Nikki Porter, and the Pittsburgh Symphony Orchestra for this annual concert paying tribute to the spirit, joy, and richness of Black music in America. The concert also features PSO's Paul J. Ross Fellow Joshua Carr on trumpet, and PSO Associate Conductor Moon Doh."
3,COMMUNITY,National History Day Pittsburgh,https://downtownpittsburgh.com/events/event/?id=62391,"Mar 15, 2025 | 7:30 am - 2:30 pm",Join the History Center for the region’s National History Day competition.
3,"ENTERTAINMENT,, SPORTS + RECREATION",Penguins vs. Devils,https://downtownpittsburgh.com/events/event/?id=62440,"Mar 15, 2025 | 3:00 pm - 6:00 pm","ENTERTAINMENT, SPORTS + RECREATION


Cheer on the Pittsburgh Penguins as they take on the New Jersey Devils!"
3,"ARTS + CULTURE,, COMMUNITY",LGBTQ+/Ally Night,https://downtownpittsburgh.com/events/event/?id=62457,"Mar 15, 2025 | 7:00 pm - 10:00 pm","ARTS + CULTURE, COMMUNITY


Raise a glass and support a good cause! Join the Pittsburgh Opera New Guard for  at opening night of Madama Butterfly on March 22nd at the Benedum Center."
3,"COMMUNITY,, ENTERTAINMENT",The Thaw: Weekend 2,https://downtownpittsburgh.com/events/event/?id=62514,"Mar 15, 2025 - Mar 17, 2025","COMMUNITY, ENTERTAINMENT


Opening at 5pm on Saturday, March 15, a celebration of Irish culture and music takes over Market Square, with performances from the best local Irish bands. With Irish whiskey tastings, an authentic ‘Pub On The Square’, and a pop-up cocktail lounge, this weekend promises to be a blarney good time!"
3,COMMUNITY,"Meet Mario, the new director of The Warhol",https://downtownpittsburgh.com/events/event/?id=62293,"Mar 14, 2025 | 5:00 pm - 8:00 pm","Mario Rossero invites you to a fun-filled meet and greet as he begins his new role at the museum. Join us for music by DJ Mary Mack, artmaking, a cash bar featuring Mario Manhattans, and a few surprises along the way. It also happens to be his 50th birthday, so join us for a birthday cupcake as well! The museum will remain open with free admission until 10 p.m."
3,"ARTS + CULTURE,, ENTERTAINMENT",House Team Hot Spot,https://downtownpittsburgh.com/events/event/?id=62308,"Mar 14, 2025 | 7:00 pm - 8:00 pm","ARTS + CULTURE, ENTERTAINMENT


Ignite your Friday nights at 7 pm with Arcade Comedy Theater’s ! Our talented house teams will light up the stage with spontaneous hilarity, quick-witted banter, and scenes that are sure to leave you in stitches."
3,"ARTS + CULTURE,, ENTERTAINMENT,, NIGHTLIFE",The Latchkey Kids,https://downtownpittsburgh.com/events/event/?id=62309,"Mar 14, 2025 | 9:00 pm - 10:00 pm","ARTS + CULTURE, ENTERTAINMENT, NIGHTLIFE


 return for the season premiere of their award-winning improv show. Join the middle children of improv as they spin comedy gold from old public access videos and dollar-bin VHS trash!"
3,"ARTS + CULTURE,, ENTERTAINMENT",Annie,https://downtownpittsburgh.com/events/event/?id=62325,"Mar 14, 2025 - Mar 15, 2025","ARTS + CULTURE, ENTERTAINMENT


Holding onto hope when times are tough can take an awful lot of determination, and sometimes, an awful lot of determination comes in a surprisingly small package. Little Orphan  has reminded generations of theatergoers that sunshine is always right around the corner, and now the best-loved musical of all time is set to return in a new production – just as you remember it and just when we need it most."
3,"ARTS + CULTURE,, ENTERTAINMENT,, WORKSHOPS & CLASSES",Annie - Broadway Talk Back Series,https://downtownpittsburgh.com/events/event/?id=62326,"Mar 14, 2025","ARTS + CULTURE, ENTERTAINMENT, WORKSHOPS & CLASSES


On select days, immediately following the performance, grab a seat up close, and join us for a lively post-show discussion with cast and/or members of the show’s creative team. You don’t want to miss this fantastic opportunity to dive deeper into your Broadway experience."
3,COMMUNITY,Coffee + Connect,https://downtownpittsburgh.com/events/event/?id=62346,"Mar 14, 2025 | 10:00 am - 11:00 am",Join us to enjoy some coffee and snacks and meet a representative from a local community organization to learn more about their services.
3,"COMMUNITY,, WORKSHOPS & CLASSES",Let’s Speak English!,https://downtownpittsburgh.com/events/event/?id=62347,"Mar 14, 2025 | 12:00 pm - 1:00 pm","COMMUNITY, WORKSHOPS & CLASSES


Join us to practice your English-speaking skills! You can freely practice with friendly neighbors in this relaxed social group."
3,"ARTS + CULTURE,, ENTERTAINMENT,, FILM & MOVIES",Universal Language,https://downtownpittsburgh.com/events/event/?id=62401,"Mar 14, 2025 - Mar 20, 2025","ARTS + CULTURE, ENTERTAINMENT, FILM & MOVIES


In a mysterious and surreal interzone somewhere between Tehran and Winnipeg, the lives of multiple characters interweave in surprising and mysterious ways. Space, time and personal identities crossfade and echo into a surreal comedy of misdirection."
3,"ARTS + CULTURE,, ENTERTAINMENT",Sound in Motion,https://downtownpittsburgh.com/events/event/?id=62453,"Mar 14, 2025 - Mar 16, 2025","ARTS + CULTURE, ENTERTAINMENT


Texture Contemporary Ballet’s 14th season culminates in , a captivating exploration of the interplay between movement and music. Prepare for a live-music collaboration that ignites the stage: Artistic Director Alan Obuzor joins forces with Pittsburgh-based musician, D.o.B., fusing edgy R&B music with the raw power and artistry of Texture’s dancers."
3,CONVENTION,Faith Builders Education Programs- 2025 REACH,https://downtownpittsburgh.com/events/event/?id=62360,"Mar 13, 2025 - Mar 14, 2025","REACH facilitates the connection between nonprofit ministries, churches, and individuals seeking information about these ministries."
3,"ENTERTAINMENT,, SPORTS + RECREATION",Penguins vs. Blues,https://downtownpittsburgh.com/events/event/?id=62439,"Mar 13, 2025 | 7:00 pm - 10:00 pm","ENTERTAINMENT, SPORTS + RECREATION


Cheer on the Pittsburgh Penguins as they take on the St. Louis Blues!"
3,"ARTS + CULTURE,, ENTERTAINMENT",Pretty Guardian Sailor Moon: The Super Live,https://downtownpittsburgh.com/events/event/?id=62331,"Mar 12, 2025 | 7:00 pm - 10:00 pm","ARTS + CULTURE, ENTERTAINMENT


Prepare to be enchanted! "","" the groundbreaking 2.5D musical, is bringing the iconic “Sailor Moon” world to life like never before. This stunning stage adaptation—based on the legendary manga and anime—transports audiences into a dazzling world of friendship and justice with its electrifying performances, unforgettable choreography and show-stopping music."
3,"COMMUNITY,, WORKSHOPS & CLASSES",Three Rivers Readers Book Club,https://downtownpittsburgh.com/events/event/?id=62345,"Mar 12, 2025 | 12:00 pm - 1:00 pm","COMMUNITY, WORKSHOPS & CLASSES


Join us for a lively discussion on From the Furnace, With Love by Jason Kirin. Title selections will include genre books including memoirs, plays, poetry, photobooks, and novels. Attendees are welcome to join in-person or virtually using the link provided in your RSVP confirmation email."
3,"ENTERTAINMENT,, SPORTS + RECREATION",Penguins vs. Knights,https://downtownpittsburgh.com/events/event/?id=62438,"Mar 11, 2025 | 7:00 pm - 10:00 pm","ENTERTAINMENT, SPORTS + RECREATION


Cheer on the Pittsburgh Penguins as they take on the Vegas Golden Knights!"
3,"ARTS + CULTURE,, ENTERTAINMENT",Stephanie J. Block,https://downtownpittsburgh.com/events/event/?id=62406,"Mar 10, 2025","ARTS + CULTURE, ENTERTAINMENT


Established as one of theater’s most relevant and versatile voices, Block boasts an impressive career with credits including Into the Woods, Sunset Boulevard, The Cher Show (Tony®, Lead Actress), Falsettos, The Mystery of Edwin Drood, Anything Goes, 9 to 5, The Pirate Queen, The Boy From Oz, and originating the role of Elphaba in the first national tour of Wicked."
3,"ARTS + CULTURE,, ENTERTAINMENT",Pittsburgh Improv Jam with Well Known Strangers,https://downtownpittsburgh.com/events/event/?id=62307,"Mar 9, 2025 | 7:30 pm - 8:30 pm","ARTS + CULTURE, ENTERTAINMENT


Join the Well Known Strangers as they host the Pittsburgh Improv Jam, a now-monthly jam presented at the Arcade Comedy Theater and open to all performers! Each month, performers can sign up to be randomly placed on an improv ensemble team that will exist for just one night only."
3,"FAMILY,, TOURS",Highland Heroes & Hexes Boat Tour,https://downtownpittsburgh.com/events/event/?id=62369,"Mar 9, 2025 | 2:00 pm - 3:30 pm","FAMILY, TOURS


Join us for a day of archery, music and curses, where you, the audience, become part of the tale. Can you help our heroes save the day? Embark with us on an interactive adventure unlike any other, Highlander Heroes & Hexes awaits!"
3,"ARTS + CULTURE,, ENTERTAINMENT,, MUSIC",Lisiecki Performs Mozart,https://downtownpittsburgh.com/events/event/?id=62381,"Mar 9, 2025 | 2:30 pm - 5:30 pm","ARTS + CULTURE, ENTERTAINMENT, MUSIC


Praised for his ""pristine, lyrical and intelligent"" playing (The New York Times), Jan Lisiecki returns to perform Mozart’s elegant and effervescent piano concerto. Prokofiev’s Fifth Symphony is filled with grand, sweeping, lyrical music tinged with brooding introspection."
3,"ARTS + CULTURE,, ENTERTAINMENT",Arcade Hootenanny,https://downtownpittsburgh.com/events/event/?id=62304,"Mar 8, 2025 | 7:00 pm - 8:00 pm","ARTS + CULTURE, ENTERTAINMENT


The  is styled after the classic Chicago-style improv show featuring monologist-inspired scenes. A storyteller tells real-life tales and improvisers present a fast & funny set inspired by elements from the story."
3,"ARTS + CULTURE,, ENTERTAINMENT",CoWorkers,https://downtownpittsburgh.com/events/event/?id=62305,"Mar 8, 2025 | 8:00 pm - 9:00 pm","ARTS + CULTURE, ENTERTAINMENT


Arcade Comedy Theater invites you to invites you to peek behind the curtain at the lives of the people you work with. Combining short-form and long-form improv to create a full-length narrative show of the most exciting kind of entertainment…Middle Management Improv!"
3,"ARTS + CULTURE,, ENTERTAINMENT,, NIGHTLIFE",Comedy Confidential,https://downtownpittsburgh.com/events/event/?id=62306,"Mar 8, 2025 | 9:00 pm - 10:00 pm","ARTS + CULTURE, ENTERTAINMENT, NIGHTLIFE


Arcade Comedy Theater presents , a showcase of Pittsburgh’s brightest comedic talents!"
3,"ARTS + CULTURE,, ENTERTAINMENT,, WORKSHOPS & CLASSES",Kimberly Akimbo - Broadway Talk Back Series,https://downtownpittsburgh.com/events/event/?id=62324,"Mar 8, 2025 | 2:00 pm - 3:00 pm","ARTS + CULTURE, ENTERTAINMENT, WORKSHOPS & CLASSES


On select days, immediately following the performance, grab a seat up close, and join us for a lively post-show discussion with cast and/or members of the show’s creative team. You don’t want to miss this fantastic opportunity to dive deeper into your Broadway experience."
3,"COMMUNITY,, WORKSHOPS & CLASSES",Cookbook Club: Strange Eats,https://downtownpittsburgh.com/events/event/?id=62344,"Mar 8, 2025 | 12:00 pm - 1:00 pm","COMMUNITY, WORKSHOPS & CLASSES


Join us for a new cookbook club with the Library! At select CLP locations, we will talk cookbooks, share stories and cultures and explore all things culinary. This month’s theme will be Strange Eats."
3,CONVENTION,Early Hearing Detection Intervention (EHDI) Meeting 2025,https://downtownpittsburgh.com/events/event/?id=62359,"Mar 8, 2025 - Mar 12, 2025",The EHDI Conference aims at enhancing the implementation of comprehensive EHDI programs at the state level.
3,"ARTS + CULTURE,, COMMUNITY,, ENTERTAINMENT,, MUSIC",PSO Disrupt: Hope and Resistance,https://downtownpittsburgh.com/events/event/?id=62382,"Mar 8, 2025 | 6:30 pm - 10:30 pm","ARTS + CULTURE, COMMUNITY, ENTERTAINMENT, MUSIC


Forget everything you’ve heard. Join the PSO at Heinz Hall for one-of-a-kind experiences that take you deeper into the music. Whether you’re new to classical music or just want to explore the music in a new way, expect moments of fascination, guided from the stage. This performance featres Prokofiev's Symphony No. 5."
3,"COMMUNITY,, WORKSHOPS & CLASSES",Speaker Saturday: “William Trent: Factor of Ambition”,https://downtownpittsburgh.com/events/event/?id=62390,"Mar 8, 2025 | 1:00 pm - 3:00 pm","COMMUNITY, WORKSHOPS & CLASSES


Join Fort Pitt Museum for an afternoon with author Jason A. Cherry."
3,"ARTS + CULTURE,, ENTERTAINMENT,, FILM & MOVIES",International Art House Classics: M (1931) 35mm,https://downtownpittsburgh.com/events/event/?id=62400,"Mar 8, 2025 - Mar 13, 2025","ARTS + CULTURE, ENTERTAINMENT, FILM & MOVIES


One of the greatest films of all time, Fritz Lang's M revolutionized the medium with its inventive soundscape, acute social commentary, and stunning visuals."
3,"COMMUNITY,, ENTERTAINMENT,, FAMILY",The Thaw: Weekend 1,https://downtownpittsburgh.com/events/event/?id=62512,"Mar 8, 2025 - Mar 9, 2025","COMMUNITY, ENTERTAINMENT, FAMILY


Family-friendly by day, music-driven by night, the first weekend of The Thaw celebrates the magic of ice and snow. Market Square will come alive with awe-inspiring ice sculptures, live carvings, and an 18-foot ice luge for kids. Celebrate all the magic of winter – before we show it the door!"
3,"ARTS + CULTURE,, ENTERTAINMENT",House Team Hot Spot,https://downtownpittsburgh.com/events/event/?id=62302,"Mar 7, 2025 | 7:00 pm - 8:00 pm","ARTS + CULTURE, ENTERTAINMENT


Ignite your Friday nights at 7 pm with Arcade Comedy Theater’s ! Our talented house teams will light up the stage with spontaneous hilarity, quick-witted banter, and scenes that are sure to leave you in stitches."
3,"ARTS + CULTURE,, ENTERTAINMENT,, NIGHTLIFE",Level Up Stand Up,https://downtownpittsburgh.com/events/event/?id=62303,"Mar 7, 2025 | 9:00 pm - 10:00 pm","ARTS + CULTURE, ENTERTAINMENT, NIGHTLIFE


Get ready to laugh like never before at Arcade Comedy Theater’s electrifying Level Up Stand-Up showcase!"
3,"COMMUNITY,, WORKSHOPS & CLASSES",Let’s Speak English!,https://downtownpittsburgh.com/events/event/?id=62342,"Mar 7, 2025 | 12:00 pm - 1:00 pm","COMMUNITY, WORKSHOPS & CLASSES


Join us to practice your English-speaking skills! You can freely practice with friendly neighbors in this relaxed social group."
3,"COMMUNITY,, WORKSHOPS & CLASSES",Let’s Read English!,https://downtownpittsburgh.com/events/event/?id=62343,"Mar 7, 2025 | 1:00 pm - 2:30 pm","COMMUNITY, WORKSHOPS & CLASSES


Join us to practice your English-reading skills! We will read and discuss the short story “The Story of My Life in 3,500 Words or Less” by Nora Ephron together."
3,CONVENTION,Postpartum Pittsburgh Spring Conference 2025,https://downtownpittsburgh.com/events/event/?id=62357,"Mar 7, 2025 | 7:00 am - 5:00 pm","The 2025 Spring Conference will bring together a diverse audience of healthcare providers, mental health professionals, and stakeholders, all dedicated to advancing perinatal mental health!"
3,CONVENTION,2025 Pittsburgh Home and Garden Show,https://downtownpittsburgh.com/events/event/?id=62358,"Mar 7, 2025 - Mar 16, 2025",Join us for the Pittsburgh Garden & Home Show and take advantage of a great opportunity to browse displays from hundreds of exhibitors showcasing a wide array of products and services designed to add value to your home. Get the chance to meet with and get advice from the experts in home design and purchase products at special prices!
3,"ARTS + CULTURE,, ENTERTAINMENT,, MUSIC",Lisiecki Performs Mozart,https://downtownpittsburgh.com/events/event/?id=62380,"Mar 7, 2025 | 7:30 pm - 10:30 pm","ARTS + CULTURE, ENTERTAINMENT, MUSIC


Praised for his ""pristine, lyrical and intelligent"" playing (The New York Times), Jan Lisiecki returns to perform Mozart’s elegant and effervescent piano concerto. Prokofiev’s Fifth Symphony is filled with grand, sweeping, lyrical music tinged with brooding introspection."
3,"COMMUNITY,, ENTERTAINMENT,, NIGHTLIFE",History Uncorked: Mirror Ball,https://downtownpittsburgh.com/events/event/?id=62389,"Mar 7, 2025 | 7:30 pm - 11:00 pm","COMMUNITY, ENTERTAINMENT, NIGHTLIFE


Meet us under the mirror ball for History Uncorked on Friday, March 7, 2025! Get ready for glamour and good vibes at this year’s event, which will include dazzling entertainment, activities, and refreshments across six floors of award-winning exhibitions!"
3,"ARTS + CULTURE,, ENTERTAINMENT,, FILM & MOVIES",Vermiglio,https://downtownpittsburgh.com/events/event/?id=62398,"Mar 7, 2025 - Mar 20, 2025","ARTS + CULTURE, ENTERTAINMENT, FILM & MOVIES


The lush and breathtaking beauty of the Alps, filmed with painterly grace under natural light from frigid winter to redemptive spring, provides the physical and emotional backdrop for ‘,’ Maura Delpero’s visionary film, which won the Silver Lion at the 2024 Venice Film Festival."
3,"ARTS + CULTURE,, ENTERTAINMENT,, FILM & MOVIES",Liza: A Truly Terrific Absolutely True Story,https://downtownpittsburgh.com/events/event/?id=62399,"Mar 7, 2025 - Mar 13, 2025","ARTS + CULTURE, ENTERTAINMENT, FILM & MOVIES


This star studded tribute brings into focus the dazzling, complex period of Liza Minnelli’s life starting in the 1970s, just after the tragic death of her mother Judy Garland—as she confronts a range of personal and professional challenges on the way to becoming a bona fide legend."
3,"ENTERTAINMENT,, MUSIC",Kraftwerk: Multimedia Tour 2025 – 50 Years of Autobahn,https://downtownpittsburgh.com/events/event/?id=62449,"Mar 7, 2025 | 7:00 pm - 11:00 pm","ENTERTAINMENT, MUSIC"
3,"ENTERTAINMENT,, TOURS",Movie Mobile: Speed,https://downtownpittsburgh.com/events/event/?id=62456,"Mar 7, 2025 | 7:00 pm - 10:00 pm","ENTERTAINMENT, TOURS


The Burgh Bus's first screening event on the bus will be a special presentation of the 90s action movie classic… “SPEED” ??"
3,"ARTS + CULTURE,, COMMUNITY,, ENTERTAINMENT",Bracket Night Planned Parenthood of Western PA Benefit,https://downtownpittsburgh.com/events/event/?id=62301,"Mar 6, 2025 | 7:00 pm - 8:30 pm","ARTS + CULTURE, COMMUNITY, ENTERTAINMENT


An interactive comedy game show benefiting Planned Parenthood of Western Pennsylvania!"
3,"ENTERTAINMENT,, FAMILY",Disney on Ice: Mickey’s Search Party,https://downtownpittsburgh.com/events/event/?id=62437,"Mar 6, 2025 - Mar 9, 2025","ENTERTAINMENT, FAMILY


Join Mickey Mouse and his Disney friends on adventures filled with world-class skating, high-flying acrobatics, and unexpected stunts!"
3,"COMMUNITY,, FREE EVENT",Workbox - PPG Place Grand Opening Celebration!,https://downtownpittsburgh.com/events/event/?id=62511,"Mar 6, 2025 | 3:30 pm - 6:00 pm","COMMUNITY, FREE EVENT


Join Workbox for the official ribbon cutting and open house!"
3,"ARTS + CULTURE,, ENTERTAINMENT",Ballet Folklórico de México,https://downtownpittsburgh.com/events/event/?id=62330,"Mar 5, 2025 | 7:30 pm - 10:00 pm","ARTS + CULTURE, ENTERTAINMENT


Immerse yourself in the vibrant traditions & infectious rhythms of México!"
3,"COMMUNITY,, FAMILY,, WORKSHOPS & CLASSES",One-on-one Irish Genealogy Sessions,https://downtownpittsburgh.com/events/event/?id=62373,"Mar 5, 2025 | 9:00 am - 3:00 pm","COMMUNITY, FAMILY, WORKSHOPS & CLASSES


If you are tracing your ancestors in Ireland, a face-to-face consultation with Irish Genealogy experts Fintan Mullan or Gillian Hunt could save you a considerable amount of time and greatly increase your chances of success."
3,"ARTS + CULTURE,, ENTERTAINMENT",Ben Seidman in Good Charlatan,https://downtownpittsburgh.com/events/event/?id=62394,"Mar 5, 2025 - Mar 16, 2025","ARTS + CULTURE, ENTERTAINMENT


Good Charlatan dives into the world of con artistry, pickpocketing, and real magic. The show is a hilarious and profoundly beautiful plunge into the underworld of those who use and abuse the powers of deception."
3,"ARTS + CULTURE,, WORKSHOPS & CLASSES",Creative Conversations — Kimberly Akimbo,https://downtownpittsburgh.com/events/event/?id=62397,"Mar 5, 2025 | 6:30 pm - 7:30 pm","ARTS + CULTURE, WORKSHOPS & CLASSES


Join Trust Arts Education for a pre-show chat on Wednesday nights with members from the company (schedule permitting) hosted by local theatre professionals to learn insights into the show you can’t find in your playbill."
3,"ARTS + CULTURE,, ENTERTAINMENT",Kimberly Akimbo,https://downtownpittsburgh.com/events/event/?id=62323,"Mar 4, 2025 - Mar 9, 2025","ARTS + CULTURE, ENTERTAINMENT


The 2023 Tony-winner for best musical, based on David Lindsay-Abaire's play of the same title, revolves around a teenage girl named Kimberly Levaco, who suffers from a condition that rapidly accelerates the aging process. Before she has had a chance to venture forth into the world as an adult, she finds herself turning into an old woman."
3,"ARTS + CULTURE,, WORKSHOPS & CLASSES",Irish Genealogy Workshop,https://downtownpittsburgh.com/events/event/?id=62372,"Mar 4, 2025 | 10:00 am - 3:30 pm","ARTS + CULTURE, WORKSHOPS & CLASSES


Discover the history of your ancestors at the . Irish genealogy experts Fintan Mullan and Gillian Hunt from the Ulster Historical Foundation in Belfast are back after a one-year hiatus for the tenth annual , presented in partnership with the Westmoreland Historical Society, on March 4."
3,"ARTS + CULTURE,, ENTERTAINMENT,, MUSIC",Tubby Daniels,https://downtownpittsburgh.com/events/event/?id=62396,"Mar 4, 2025 | 5:00 pm - 7:00 pm","ARTS + CULTURE, ENTERTAINMENT, MUSIC


The  Band consists of four members,  on the vibraphone, Dennis Gardner on drums, Chuck Anderson on bass, and Victor Garzotto on piano."
3,"COMMUNITY,, ENTERTAINMENT",Sugarcane Spectrum: A Curated Cocktail Taster Flight!,https://downtownpittsburgh.com/events/event/?id=62429,"Mar 4, 2025 | 6:00 pm - 8:00 pm","COMMUNITY, ENTERTAINMENT


Join us for an exclusive evening celebrating the diverse world of sugarcane spirits!"
3,"ARTS + CULTURE,, ENTERTAINMENT,, MUSIC",The High Kings and Mary Black,https://downtownpittsburgh.com/events/event/?id=62329,"Mar 3, 2025 | 7:30 pm - 10:00 pm","ARTS + CULTURE, ENTERTAINMENT, MUSIC


The High Kings are Finbarr Clancy, Darren Holden, Brian Dunphy Paul O’ Brien. The High Kings formed in June 2007 when Brian, Darren, Finbarr and former member Martin Furey were asked to join a brand new Irish ballad group by David Kavanagh after he had noticed a gap in the market for a band specialising in traditional Irish music."
3,"FREE EVENT,, TOURS",Visit The Old Allegheny County Jail and Museum,https://downtownpittsburgh.com/events/event/?id=62430,"Mar 3, 2025 | 11:30 am - 1:00 pm","FREE EVENT, TOURS


Take a free trip!"
3,"ARTS + CULTURE,, ENTERTAINMENT,, MUSIC",Pixar in Concert,https://downtownpittsburgh.com/events/event/?id=62178,"Mar 2, 2025 | 2:30 pm - 5:30 pm","ARTS + CULTURE, ENTERTAINMENT, MUSIC


Step into the enchanting world of Pixar magic as the Pittsburgh Symphony performs iconic film scores including Toy Story, Coco, Ratatouille, Cars, and many more, blending live music with cinematic visuals for a celebration that captures the hearts of children and adults alike."
3,"ARTS + CULTURE,, ENTERTAINMENT,, NIGHTLIFE",Your ACT with Nonsense,https://downtownpittsburgh.com/events/event/?id=62300,"Mar 2, 2025 | 7:30 pm - 8:30 pm","ARTS + CULTURE, ENTERTAINMENT, NIGHTLIFE


Tonight, the A.C.T. stage is yours! Bring your improv teams, sketch group, or stand-up act for an open mic-style show where the lineup is created on the spot. A perfect opportunity for artists to try something new in a short set and for audiences to see some experimental and cutting edge comedy."
3,"ARTS + CULTURE,, WORKSHOPS & CLASSES",Balliamo! Italy in Motion,https://downtownpittsburgh.com/events/event/?id=62371,"Mar 2, 2025 | 1:00 pm - 4:00 pm","ARTS + CULTURE, WORKSHOPS & CLASSES


Discover the cultural tapestry of storytelling through dance. Join the Italian American Program and Allegro Dance Company for an immersive Italian dance experience. Learn regional dances from across Italy, from the north to the south, step-by-step and discover the stories behind each movement."
3,"ENTERTAINMENT,, SPORTS + RECREATION",Penguins vs. Maple Leafs,https://downtownpittsburgh.com/events/event/?id=62436,"Mar 2, 2025 | 1:00 pm - 4:00 pm","ENTERTAINMENT, SPORTS + RECREATION


Cheer on the Pittsburgh Penguins as they take on the Toronto Maple Leafs!"
3,"ARTS + CULTURE,, ENTERTAINMENT,, MUSIC",Pixar in Concert,https://downtownpittsburgh.com/events/event/?id=62177,"Mar 1, 2025 | 7:30 pm - 10:30 pm","ARTS + CULTURE, ENTERTAINMENT, MUSIC


Step into the enchanting world of Pixar magic as the Pittsburgh Symphony performs iconic film scores including Toy Story, Coco, Ratatouille, Cars, and many more, blending live music with cinematic visuals for a celebration that captures the hearts of children and adults alike."
3,"ARTS + CULTURE,, ENTERTAINMENT,, NIGHTLIFE",Irony City: Am I the Jagoff?,https://downtownpittsburgh.com/events/event/?id=62298,"Mar 1, 2025 | 8:00 pm - 9:00 pm","ARTS + CULTURE, ENTERTAINMENT, NIGHTLIFE


Join veteran comedy troupe Irony City as they deftly navigate social missteps on the first Saturday each month."
3,"ARTS + CULTURE,, ENTERTAINMENT,, NIGHTLIFE",Admit One: A Storytelling Experience,https://downtownpittsburgh.com/events/event/?id=62299,"Mar 1, 2025 | 9:00 pm - 10:00 pm","ARTS + CULTURE, ENTERTAINMENT, NIGHTLIFE


Stand-up comedy is all about finding the funny in everyday life. Usually, it doesn’t matter if what you’re saying is true as long as it’s hilarious. ‘Admit One’ gives you, the audience, the chance to call comedians out! You’ll hear four riotous tales, and it’ll be your job to figure out if the comic is spitting truth or spreading lies!"
3,CONVENTION,World Oddities Expo 2025,https://downtownpittsburgh.com/events/event/?id=62356,"Mar 1, 2025 - Mar 2, 2025","Come on out at the World Oddities Expo, an amazing event specially created for the lovers of the strange and unusual. Visit our website to learn more!"
3,"ENTERTAINMENT,, SPORTS + RECREATION",Penguins vs. Bruins,https://downtownpittsburgh.com/events/event/?id=62435,"Mar 1, 2025 | 3:00 pm - 6:00 pm","ENTERTAINMENT, SPORTS + RECREATION


Cheer on the Pittsburgh Penguins as they take on the Boston Bruins!"
3,"ENTERTAINMENT,, MUSIC,, NIGHTLIFE",Ashley Cooke,https://downtownpittsburgh.com/events/event/?id=62448,"Mar 1, 2025 | 7:00 pm - 11:00 pm","ENTERTAINMENT, MUSIC, NIGHTLIFE


Watch country music singer  perform live on her Your Place Tour!"
3,"CONVENTION,, FAMILY",Jurassic Quest 2025,https://downtownpittsburgh.com/events/event/?id=62164,"Feb 28, 2025 - Mar 2, 2025","CONVENTION, FAMILY


The whole family will have fun at Jurassic Quest, the greatest dinosaur adventure featuring dozens of life-size animatronic dinosaurs! Get the chance to see how life on Earth once was! Please visit the website for more information and tickets!"
3,"CONVENTION,, WORKSHOPS & CLASSES",SIGCSE Technical Symposium 2025,https://downtownpittsburgh.com/events/event/?id=62231,"Feb 26, 2025 - Mar 1, 2025","CONVENTION, WORKSHOPS & CLASSES


The SIGCSE Technical Symposium addresses problems common among educators working to develop, implement and/or evaluate computing programs, curricula, and courses. The symposium provides a forum for sharing new ideas for syllabi, laboratories, and other elements of teaching and pedagogy, at all levels of instruction."
3,"ARTS + CULTURE,, ENTERTAINMENT,, FILM & MOVIES",Oscar Nominated Shorts: Documentary,https://downtownpittsburgh.com/events/event/?id=62403,"Feb 15, 2025 - Mar 5, 2025","ARTS + CULTURE, ENTERTAINMENT, FILM & MOVIES


Catch this year's most spectacular DOCUMENTARY short films and cast your prediction of the victor for a chance to win fabulous prizes!"
3,"ARTS + CULTURE,, ENTERTAINMENT,, FILM & MOVIES",Oscar Nominated Shorts: Live Action,https://downtownpittsburgh.com/events/event/?id=62404,"Feb 15, 2025 - Mar 6, 2025","ARTS + CULTURE, ENTERTAINMENT, FILM & MOVIES


Catch this year's most spectacular LIVE ACTION short films and cast your prediction of the victor for a chance to win fabulous prizes!"
3,"ARTS + CULTURE,, ENTERTAINMENT,, FILM & MOVIES",Oscar Nominated Shorts: Animation,https://downtownpittsburgh.com/events/event/?id=62405,"Feb 14, 2025 - Mar 6, 2025","ARTS + CULTURE, ENTERTAINMENT, FILM & MOVIES


Catch this year's most spectacular ANIMATION short films and cast your prediction of the victor for a chance to win fabulous prizes!"
3,"COMMUNITY,, FESTIVAL,, MARKET SQUARE",Pittsburgh Winter Wine Fest,https://downtownpittsburgh.com/events/event/?id=62118,"Feb 27, 2025 - Mar 2, 2025 | 4:00 pm - 8:00 pm","COMMUNITY, FESTIVAL, MARKET SQUARE


Pittsburgh's official and largest winter wine festival! Enjoy two floors of wine, music, and food all INDOORS!"
3,"ENTERTAINMENT,, NIGHTLIFE,, TOURS",Comedy Bus Tour,https://downtownpittsburgh.com/events/event/?id=62069,"Jan 31, 2025 - Dec 31, 2025 | 7:00 pm - 8:30 pm","ENTERTAINMENT, NIGHTLIFE, TOURS


Get ready for a sightseeing tour like no other! Hop aboard the Burgh Bus where the laughter never stops. Enjoy stunning skyline views and hilarious local comedians!"
4,"ARTS + CULTURE,, ENTERTAINMENT",Who's Afraid of Virginia Woolf?,https://downtownpittsburgh.com/events/event/?id=62408,"Mar 19, 2025 - Apr 6, 2025","ARTS + CULTURE, ENTERTAINMENT


It’s all fun and games until the one and only Edward Albee picks up his pen. His 1962 masterpiece WHO’S AFRAID OF VIRGINIA WOOLF? is a caustic cocktail of razor-sharp dialogue and electrifying performances that has kept audiences coming back for another round for decades."
4,"ENTERTAINMENT,, NIGHTLIFE,, TOURS",Comedy Bus Tour,https://downtownpittsburgh.com/events/event/?id=62069,"Jan 31, 2025 - Dec 31, 2025 | 7:00 pm - 8:30 pm","ENTERTAINMENT, NIGHTLIFE, TOURS


Get ready for a sightseeing tour like no other! Hop aboard the Burgh Bus where the laughter never stops. Enjoy stunning skyline views and hilarious local comedians!"
5,"ENTERTAINMENT,, NIGHTLIFE,, TOURS",Comedy Bus Tour,https://downtownpittsburgh.com/events/event/?id=62069,"Jan 31, 2025 - Dec 31, 2025 | 7:00 pm - 8:30 pm","ENTERTAINMENT, NIGHTLIFE, TOURS


Get ready for a sightseeing tour like no other! Hop aboard the Burgh Bus where the laughter never stops. Enjoy stunning skyline views and hilarious local comedians!"
6,"ENTERTAINMENT,, NIGHTLIFE,, TOURS",Comedy Bus Tour,https://downtownpittsburgh.com/events/event/?id=62069,"Jan 31, 2025 - Dec 31, 2025 | 7:00 pm - 8:30 pm","ENTERTAINMENT, NIGHTLIFE, TOURS


Get ready for a sightseeing tour like no other! Hop aboard the Burgh Bus where the laughter never stops. Enjoy stunning skyline views and hilarious local comedians!"
7,"ENTERTAINMENT,, NIGHTLIFE,, TOURS",Comedy Bus Tour,https://downtownpittsburgh.com/events/event/?id=62069,"Jan 31, 2025 - Dec 31, 2025 | 7:00 pm - 8:30 pm","ENTERTAINMENT, NIGHTLIFE, TOURS


Get ready for a sightseeing tour like no other! Hop aboard the Burgh Bus where the laughter never stops. Enjoy stunning skyline views and hilarious local comedians!"
8,"ENTERTAINMENT,, NIGHTLIFE,, TOURS",Comedy Bus Tour,https://downtownpittsburgh.com/events/event/?id=62069,"Jan 31, 2025 - Dec 31, 2025 | 7:00 pm - 8:30 pm","ENTERTAINMENT, NIGHTLIFE, TOURS


Get ready for a sightseeing tour like no other! Hop aboard the Burgh Bus where the laughter never stops. Enjoy stunning skyline views and hilarious local comedians!"
9,"ENTERTAINMENT,, NIGHTLIFE,, TOURS",Comedy Bus Tour,https://downtownpittsburgh.com/events/event/?id=62069,"Jan 31, 2025 - Dec 31, 2025 | 7:00 pm - 8:30 pm","ENTERTAINMENT, NIGHTLIFE, TOURS


Get ready for a sightseeing tour like no other! Hop aboard the Burgh Bus where the laughter never stops. Enjoy stunning skyline views and hilarious local comedians!"
10,"ARTS + CULTURE,, ENTERTAINMENT",La Bohème,https://downtownpittsburgh.com/events/event/?id=62502,"Oct 26, 2025 | 2:00 pm - 5:00 pm","ARTS + CULTURE, ENTERTAINMENT


When a candle flickers, love sparks. Set against the backdrop of 1830’s Paris,  follows four impoverished artists surviving with little more than friendship, passion, and their love for art."
10,"ARTS + CULTURE,, ENTERTAINMENT",La Bohème,https://downtownpittsburgh.com/events/event/?id=62501,"Oct 24, 2025 | 7:00 pm - 10:00 pm","ARTS + CULTURE, ENTERTAINMENT


When a candle flickers, love sparks. Set against the backdrop of 1830’s Paris,  follows four impoverished artists surviving with little more than friendship, passion, and their love for art."
10,"ARTS + CULTURE,, ENTERTAINMENT",La Bohème,https://downtownpittsburgh.com/events/event/?id=62500,"Oct 23, 2025 | 10:30 am - 1:30 pm","ARTS + CULTURE, ENTERTAINMENT


When a candle flickers, love sparks. Set against the backdrop of 1830’s Paris,  follows four impoverished artists surviving with little more than friendship, passion, and their love for art."
10,"ARTS + CULTURE,, ENTERTAINMENT",La Bohème,https://downtownpittsburgh.com/events/event/?id=62499,"Oct 21, 2025 | 7:00 pm - 10:00 pm","ARTS + CULTURE, ENTERTAINMENT


When a candle flickers, love sparks. Set against the backdrop of 1830’s Paris,  follows four impoverished artists surviving with little more than friendship, passion, and their love for art."
10,"ARTS + CULTURE,, ENTERTAINMENT",La Bohème,https://downtownpittsburgh.com/events/event/?id=62498,"Oct 18, 2025 | 7:00 pm - 10:00 pm","ARTS + CULTURE, ENTERTAINMENT


When a candle flickers, love sparks. Set against the backdrop of 1830’s Paris,  follows four impoverished artists surviving with little more than friendship, passion, and their love for art."
10,"ENTERTAINMENT,, NIGHTLIFE,, TOURS",Comedy Bus Tour,https://downtownpittsburgh.com/events/event/?id=62069,"Jan 31, 2025 - Dec 31, 2025 | 7:00 pm - 8:30 pm","ENTERTAINMENT, NIGHTLIFE, TOURS


Get ready for a sightseeing tour like no other! Hop aboard the Burgh Bus where the laughter never stops. Enjoy stunning skyline views and hilarious local comedians!"
11,"ARTS + CULTURE,, ENTERTAINMENT",Fellow Travelers,https://downtownpittsburgh.com/events/event/?id=62505,"Nov 16, 2025 | 2:00 pm - 5:00 pm","ARTS + CULTURE, ENTERTAINMENT


The Red Scare, tinted lavender."
11,"ARTS + CULTURE,, ENTERTAINMENT",Fellow Travelers,https://downtownpittsburgh.com/events/event/?id=62504,"Nov 15, 2025 | 7:00 pm - 10:00 pm","ARTS + CULTURE, ENTERTAINMENT


The Red Scare, tinted lavender."
11,"ARTS + CULTURE,, ENTERTAINMENT",Fellow Travelers,https://downtownpittsburgh.com/events/event/?id=62503,"Nov 14, 2025 | 7:00 pm - 10:00 pm","ARTS + CULTURE, ENTERTAINMENT


The Red Scare, tinted lavender."
11,"ENTERTAINMENT,, NIGHTLIFE,, TOURS",Comedy Bus Tour,https://downtownpittsburgh.com/events/event/?id=62069,"Jan 31, 2025 - Dec 31, 2025 | 7:00 pm - 8:30 pm","ENTERTAINMENT, NIGHTLIFE, TOURS


Get ready for a sightseeing tour like no other! Hop aboard the Burgh Bus where the laughter never stops. Enjoy stunning skyline views and hilarious local comedians!"
12,"ENTERTAINMENT,, NIGHTLIFE,, TOURS",Comedy Bus Tour,https://downtownpittsburgh.com/events/event/?id=62069,"Jan 31, 2025 - Dec 31, 2025 | 7:00 pm - 8:30 pm","ENTERTAINMENT, NIGHTLIFE, TOURS


Get ready for a sightseeing tour like no other! Hop aboard the Burgh Bus where the laughter never stops. Enjoy stunning skyline views and hilarious local comedians!"
